component,RMSE,MAE,model,date
Total,3.7668059189764137e-4,3.2204525470011167e-4,Centered MA,2023-10-11
Total,3.67844981380064e-4,3.143083212732191e-4,Raw MA,2023-10-11
Total,3.264304367307999e-4,2.8012963880499897e-4,Centered MA,2023-10-18
Total,3.2815832721363455e-4,2.8159519610700123e-4,Raw MA,2023-10-18
Total,6.449376902003025e-4,5.218783886979765e-4,Centered MA,2023-10-25
Total,6.428584374968784e-4,5.209303077567812e-4,Raw MA,2023-10-25
Total,0.0013711405428527966,0.0011330428288826924,Centered MA,2023-11-01
Total,0.0013732359161603197,0.001136084835534061,Raw MA,2023-11-01
Total,0.001998513035686075,0.0015858148854523864,Centered MA,2023-11-08
Total,0.0020025636968705822,0.0015727855114788282,Raw MA,2023-11-08
Total,0.0016344455097292,0.001415078654111817,Centered MA,2023-11-15
Total,0.0016155797635955085,0.0013988405949063379,Raw MA,2023-11-15
Total,0.0012614225989532046,0.0010312882869074405,Centered MA,2023-11-22
Total,0.0012767182959220484,0.0010406176254938101,Raw MA,2023-11-22
Total,0.0010133915612663433,8.281994003534569e-4,Centered MA,2023-11-29
Total,0.0010148937028345954,8.311557517040498e-4,Raw MA,2023-11-29
Total,0.001173879335880355,0.0011453974509103917,Centered MA,2023-12-06
Total,0.0011523067916838455,0.0011278877246265022,Raw MA,2023-12-06
Total,0.0011975697731679844,0.0011564407831953505,Centered MA,2023-12-13
Total,0.0011772165991228338,0.001138227732994948,Raw MA,2023-12-13
Total,8.587193132369225e-4,7.070628441198275e-4,Centered MA,2023-12-20
Total,8.513183626295437e-4,7.093375554993384e-4,Raw MA,2023-12-20
Total,0.00270893154074199,0.002346970944527769,Centered MA,2023-12-27
Total,0.0026851224370372565,0.002329829106737947,Raw MA,2023-12-27
Total,0.0025294943426553327,0.001915936909242532,Centered MA,2024-01-03
Total,0.0025208864384584223,0.0018875402790868058,Raw MA,2024-01-03
Total,0.0029774693854523276,0.0028329006940280566,Centered MA,2024-01-10
Total,0.0029834907664721064,0.00284051410328574,Raw MA,2024-01-10
Total,0.0016858713968231937,0.0013802600817004532,Centered MA,2024-01-17
Total,0.001725719265421092,0.0014037450027656884,Raw MA,2024-01-17
Total,7.942071262712336e-4,7.140618217642558e-4,Centered MA,2024-01-24
Total,7.736950185867098e-4,6.930901749305982e-4,Raw MA,2024-01-24
Total,0.0013581112910377433,0.0012681141138785046,Centered MA,2024-01-31
Total,0.0013552991806253156,0.0012676461921942474,Raw MA,2024-01-31
Total,8.712263570316655e-4,8.402521937857649e-4,Centered MA,2024-02-07
Total,8.807297926141368e-4,8.477381254798355e-4,Raw MA,2024-02-07
Total,6.06342044815663e-4,4.558929015239348e-4,Centered MA,2024-02-14
Total,6.026897707284766e-4,4.424358021705675e-4,Raw MA,2024-02-14
Total,6.058663782879572e-4,5.018498778933435e-4,Centered MA,2024-02-21
Total,6.049839040858936e-4,5.029916020733577e-4,Raw MA,2024-02-21
Total,7.139602651948125e-4,6.945831127192562e-4,Centered MA,2024-02-28
Total,7.198352614564521e-4,7.016704696630252e-4,Raw MA,2024-02-28
Total,0.0015116036588688452,0.0013915674036130109,Centered MA,2024-03-06
Total,0.001518993845790528,0.0013989993353485594,Raw MA,2024-03-06
Total,0.002527733840949464,0.002118281361419949,Centered MA,2024-03-13
Total,0.0025410692379961046,0.0021353943144503743,Raw MA,2024-03-13
Total,3.840924032427543e-4,3.49723221613623e-4,Centered MA,2024-03-20
Total,3.765664925509958e-4,3.411449130123201e-4,Raw MA,2024-03-20
Total,5.805127799538185e-4,5.487080203074313e-4,Centered MA,2024-03-27
Total,5.733471680505797e-4,5.425430020734069e-4,Raw MA,2024-03-27
Total,4.249535799127791e-4,3.4221872167071454e-4,Centered MA,2024-04-03
Total,4.1977963309240896e-4,3.313818619220116e-4,Raw MA,2024-04-03
Total,0.0015216453651953614,0.0012686532969532725,Centered MA,2024-04-10
Total,0.0015142315005478187,0.0012637600028608843,Raw MA,2024-04-10
Total,0.0015351314091378756,0.0012882309248420966,Centered MA,2024-04-17
Total,0.0015441617863525346,0.001295103971978455,Raw MA,2024-04-17
Total,0.0011674893369617823,9.767317775759808e-4,Centered MA,2024-04-24
Total,0.0011599788328614923,9.704182347587652e-4,Raw MA,2024-04-24
Total,5.707307224085507e-4,4.914179153959093e-4,Centered MA,2024-05-01
Total,5.687107334474038e-4,4.866217062386956e-4,Raw MA,2024-05-01
Total,5.216626210903598e-4,4.468501978685917e-4,Centered MA,2024-05-08
Total,5.181367973746596e-4,4.425877722256527e-4,Raw MA,2024-05-08
Total,0.0015506255471151448,0.001429101868464927,Centered MA,2024-05-15
Total,0.00153987496864927,0.001419879560826294,Raw MA,2024-05-15
Total,2.166705224695184e-4,1.8435477429961517e-4,Centered MA,2024-05-22
Total,2.1261250337236085e-4,1.7736465503451204e-4,Raw MA,2024-05-22
Total,1.8936970565067352e-4,1.6738388662174836e-4,Centered MA,2024-05-29
Total,1.7412917095857306e-4,1.504198060998975e-4,Raw MA,2024-05-29
Total,0.0016298114624993976,0.0013892053866362795,Centered MA,2024-06-05
Total,0.0016268121582034103,0.0013834096916699144,Raw MA,2024-06-05
Total,7.445342533074446e-4,7.169190325602183e-4,Centered MA,2024-06-12
Total,7.467300144905751e-4,7.181494076087744e-4,Raw MA,2024-06-12
Total,0.0011951789599638563,0.0011030987353770096,Centered MA,2024-06-19
Total,0.0011934431965193774,0.0011015146874873809,Raw MA,2024-06-19
Total,0.0010158543941430587,8.320919862080042e-4,Centered MA,2024-06-26
Total,0.001017531366363914,8.321005016271137e-4,Raw MA,2024-06-26
Total,0.0017643209077391555,0.001330649498985051,Centered MA,2024-07-03
Total,0.0017344557855874625,0.0013120251940402158,Raw MA,2024-07-03
Total,9.318796428198176e-4,8.832203348850022e-4,Centered MA,2024-07-10
Total,9.549252733015905e-4,9.036546405299592e-4,Raw MA,2024-07-10
Total,4.0148027628344427e-4,3.91154537963484e-4,Centered MA,2024-07-17
Total,3.974338671209733e-4,3.832508563157387e-4,Raw MA,2024-07-17
Total,5.063219491551792e-4,5.059589591934859e-4,Centered MA,2024-07-24
Total,5.072817194398347e-4,5.067537543317971e-4,Raw MA,2024-07-24
Total,0.001722530414811257,0.0013303543772796855,Centered MA,2024-07-31
Total,0.0017245318040677163,0.0013291048073869986,Raw MA,2024-07-31
Total,0.0030964571253620727,0.002618664364400454,Centered MA,2024-08-07
Total,0.003087389256895014,0.0026040823001048166,Raw MA,2024-08-07
Total,8.47235142141018e-4,7.552741625592024e-4,Centered MA,2024-08-14
Total,8.608415233457203e-4,7.702089072565352e-4,Raw MA,2024-08-14
Total,9.801230958763163e-4,7.788680872030905e-4,Centered MA,2024-08-21
Total,9.744593483878626e-4,7.78042245800168e-4,Raw MA,2024-08-21
Total,0.0013567267663759752,0.001092121989256116,Centered MA,2024-08-28
Total,0.001363489372762076,0.0011002742213514667,Raw MA,2024-08-28
Total,0.0010234373402030485,9.311925043663516e-4,Centered MA,2024-09-04
Total,0.001029760364388844,9.330323971011509e-4,Raw MA,2024-09-04
Total,0.0014954057193370526,0.0013975044056714313,Centered MA,2024-09-11
Total,0.0014882112567782717,0.0013908539983668693,Raw MA,2024-09-11
Total,2.8721699105841976e-4,2.855389987205352e-4,Centered MA,2024-09-18
Total,2.7148253755429163e-4,2.67677759275782e-4,Raw MA,2024-09-18
Total,0.0010031600178947,8.539877688591782e-4,Centered MA,2024-09-25
Total,0.00101235289445017,8.476389461883893e-4,Raw MA,2024-09-25
Total,9.373881727742817e-4,8.823459352840547e-4,Centered MA,2024-10-02
Total,9.417596575481992e-4,8.93519721159964e-4,Raw MA,2024-10-02
Total,0.0010555987344863503,8.67492411045067e-4,Centered MA,2024-10-09
Total,0.0010542510345887058,8.688834175179933e-4,Raw MA,2024-10-09
Total,0.0014978396825612603,0.001241655556899944,Centered MA,2024-10-16
Total,0.0014933169612394682,0.0012388285872362154,Raw MA,2024-10-16
Total,7.798638575110444e-4,6.953971406925344e-4,Centered MA,2024-10-23
Total,7.58626290029583e-4,6.839949339724379e-4,Raw MA,2024-10-23
Total,1.1825983106769023e-4,9.083685859325244e-5,Centered MA,2024-10-30
Total,1.503049443389215e-4,1.2113681797466108e-4,Raw MA,2024-10-30
Total,2.4317426201242632e-4,2.2072313865684895e-4,Centered MA,2024-11-06
Total,2.625799378538031e-4,2.3595031339009379e-4,Raw MA,2024-11-06
Total,0.0020384398656014212,0.0016749971718067157,Centered MA,2024-11-13
Total,0.0020424934265412227,0.0016776324251252597,Raw MA,2024-11-13
Total,0.002265922343542996,0.001765043788076029,Centered MA,2024-11-20
Total,0.0022617279401001074,0.0017654442155245476,Raw MA,2024-11-20
Total,5.592566758361602e-4,4.7521863162915123e-4,Centered MA,2024-11-27
Total,5.576233942779174e-4,4.7183754743030173e-4,Raw MA,2024-11-27
Total,7.569083006311109e-4,6.452798328450519e-4,Centered MA,2024-12-04
Total,7.634058991042472e-4,6.495573005872064e-4,Raw MA,2024-12-04
Total,9.527382147804559e-4,8.189572509134171e-4,Centered MA,2024-12-11
Total,9.537369985531478e-4,8.200101956127512e-4,Raw MA,2024-12-11
Total,7.531007667119586e-4,6.571475258703198e-4,Centered MA,2024-12-18
Total,7.329798114806433e-4,6.383976309931559e-4,Raw MA,2024-12-18
Total,5.475852818647557e-4,4.699001348833741e-4,Centered MA,2024-12-25
Total,5.277932967920347e-4,4.5401957103741175e-4,Raw MA,2024-12-25
Total,0.0036693423523502413,0.002951277263083009,Centered MA,2025-01-01
Total,0.003680826336582722,0.0029619336323531073,Raw MA,2025-01-01
Total,0.006189570775882986,0.0049791760273605115,Centered MA,2025-01-08
Total,0.006209185023283096,0.004985685851030024,Raw MA,2025-01-08
Total,7.867737278843884e-4,7.702756277493256e-4,Centered MA,2025-01-15
Total,8.300284215342959e-4,8.212589469737477e-4,Raw MA,2025-01-15
Total,6.970204958199726e-4,5.243488752969885e-4,Centered MA,2025-01-22
Total,6.692546785219488e-4,5.109793592895651e-4,Raw MA,2025-01-22
Total,0.0013079946501398365,0.0010924636255770365,Centered MA,2025-01-29
Total,0.0013030480549801053,0.001088487014135546,Raw MA,2025-01-29
Total,7.004553766463427e-4,6.165393455329106e-4,Centered MA,2025-02-05
Total,7.043246010220393e-4,6.184118266776839e-4,Raw MA,2025-02-05
Total,6.138740945510516e-4,5.829940948383523e-4,Centered MA,2025-02-12
Total,6.199721525750635e-4,5.878210218545933e-4,Raw MA,2025-02-12
Total,6.699338415145393e-4,5.638914893937412e-4,Centered MA,2025-02-19
Total,6.557663669263853e-4,5.473401053149238e-4,Raw MA,2025-02-19
Total,0.0014127394117148882,0.001154068393104394,Centered MA,2025-02-26
Total,0.001403504876368261,0.0011469376046272586,Raw MA,2025-02-26
Total,5.516818066530174e-4,4.528775178838096e-4,Centered MA,2025-03-05
Total,5.667478276850625e-4,4.6828045033584995e-4,Raw MA,2025-03-05
Total,5.882252206324345e-4,4.868148579680251e-4,Centered MA,2025-03-12
Total,5.80903608941706e-4,4.814698902001445e-4,Raw MA,2025-03-12
Total,7.019992175847463e-4,6.264464489875651e-4,Centered MA,2025-03-19
Total,7.037386354666897e-4,6.279490828240003e-4,Raw MA,2025-03-19
Total,0.0010046626764353395,7.916562179765864e-4,Centered MA,2025-03-26
Total,9.957482909396112e-4,7.891544859352298e-4,Raw MA,2025-03-26
Total,0.0013908781912902876,0.001169838359365058,Centered MA,2025-04-02
Total,0.0013939890757375618,0.0011652944879622408,Raw MA,2025-04-02
Total,7.895379890199956e-4,6.116245948058381e-4,Centered MA,2025-04-09
Total,7.69922545166502e-4,5.879640417619167e-4,Raw MA,2025-04-09
Total,3.5400217577962015e-4,2.7110230813818734e-4,Centered MA,2025-04-16
Total,3.517142875492785e-4,2.727616054078001e-4,Raw MA,2025-04-16
Total,0.0010996685659121247,9.48274589469493e-4,Centered MA,2025-04-23
Total,0.0010904390193851316,9.402671612728578e-4,Raw MA,2025-04-23
Total,0.003351658682991674,0.0027310865045365555,Centered MA,2025-04-30
Total,0.003356372090458408,0.0027352011326562398,Raw MA,2025-04-30
Total,0.0025339018626594568,0.00206123239754135,Centered MA,2025-05-07
Total,0.002555498956393804,0.002082827248818711,Raw MA,2025-05-07
Total,6.725751700826194e-4,5.660800225632603e-4,Centered MA,2025-05-14
Total,6.733404467018214e-4,5.679760975741688e-4,Raw MA,2025-05-14
Total,7.713814241794242e-4,6.162951785198996e-4,Centered MA,2025-05-21
Total,7.612450363156628e-4,6.160957513403897e-4,Raw MA,2025-05-21
Total,4.069892119946888e-4,3.017779878891e-4,Centered MA,2025-05-28
Total,4.095385852276077e-4,3.0723557537317564e-4,Raw MA,2025-05-28
Total,5.60776210407094e-4,4.961735188236185e-4,Centered MA,2025-06-04
Total,5.579066979545324e-4,4.948916853323923e-4,Raw MA,2025-06-04
Total,0.0012370378196866444,9.552986070092348e-4,Centered MA,2025-06-11
Total,0.0012204310196451385,9.39757427950931e-4,Raw MA,2025-06-11
Total,4.260142447964459e-4,3.366814517581779e-4,Centered MA,2025-06-18
Total,4.394493967431996e-4,3.495583551697927e-4,Raw MA,2025-06-18
Total,0.0018822690495043915,0.0018224746969643206,Centered MA,2025-06-25
Total,0.0018773718958132249,0.0018169447372204071,Raw MA,2025-06-25
Total,0.0017773257013507283,0.001536050820729655,Centered MA,2025-07-02
Total,0.001789942215166085,0.0015443724495846044,Raw MA,2025-07-02
Total,4.3424661153076727e-4,4.261740440075733e-4,Centered MA,2025-07-09
Total,4.3217122486840235e-4,4.268140502293391e-4,Raw MA,2025-07-09
Total,0.0010654861174960487,9.129829332233108e-4,Centered MA,2025-07-16
Total,0.001074176904256668,9.211584536323002e-4,Raw MA,2025-07-16
Total,5.131931286464419e-4,4.3741277900447365e-4,Centered MA,2025-07-23
Total,5.124831989353478e-4,4.3493451802491603e-4,Raw MA,2025-07-23
Total,3.390703274672511e-4,3.286849512409984e-4,Centered MA,2025-07-30
Total,3.481710496180108e-4,3.3472237626925097e-4,Raw MA,2025-07-30
Total,0.0018005466929016318,0.0014678228333284034,Centered MA,2025-08-06
Total,0.0018017002485811134,0.001467040875218581,Raw MA,2025-08-06
Total,4.986017380337085e-4,4.044545080256791e-4,Centered MA,2025-08-13
Total,4.985564341063054e-4,4.093048840046083e-4,Raw MA,2025-08-13
Total,6.446451297192221e-4,5.04037371661565e-4,Centered MA,2025-08-20
Total,6.542101893130784e-4,5.108031285665053e-4,Raw MA,2025-08-20
Total,0.001210819307774974,0.0010028205837567736,Centered MA,2025-08-27
Total,0.0012160185564404665,0.0010102528510412684,Raw MA,2025-08-27
Total,0.0012948828776461097,0.0011307224979552055,Centered MA,2025-09-03
Total,0.0013111557491515074,0.0011471199750902258,Raw MA,2025-09-03
Total,0.002896189319983228,0.0024383952116459502,Centered MA,2025-09-10
Total,0.002909553027697042,0.002449069747650294,Raw MA,2025-09-10
Total,0.0011175221545204554,8.954286026929513e-4,Centered MA,2025-09-17
Total,0.0011154173517723275,8.951912697332289e-4,Raw MA,2025-09-17
Total,7.764261767746062e-4,6.334103543164556e-4,Centered MA,2025-09-24
Total,7.665578063486912e-4,6.221052666686572e-4,Raw MA,2025-09-24
Total,0.0011354250155891673,0.0010475672299556614,Centered MA,2025-10-01
Total,0.0011394216085871705,0.0010497258275192767,Raw MA,2025-10-01
