date,cash,securities,loans,other
2015-10-07,0.1795151346120799,0.19586750236375744,0.5199310463935382,0.10468631663062455
2015-10-14,0.17943254126370403,0.19587125044145828,0.5191181809451841,0.1055780273496536
2015-10-21,0.17984287296073972,0.19537083041633987,0.5188820248969834,0.10590427172593697
2015-10-28,0.17687081937221782,0.1961269336642097,0.5202341607964991,0.10676808616707345
2015-11-04,0.1774368966874084,0.1963817827703122,0.520550161628201,0.10563115891407848
2015-11-11,0.1736825326029419,0.1971332020975746,0.5237344276284779,0.10544983767100569
2015-11-18,0.17115041106834056,0.1981568792351549,0.5249896285656224,0.10570308113088211
2015-11-25,0.16912460112092043,0.19869349578674586,0.5265145970512505,0.10566730604108333
2015-12-02,0.16983475564286424,0.19842463871648697,0.52581567406276,0.10592493157788885
2015-12-09,0.1684680323965993,0.1996661889781096,0.5270040369366293,0.1048617416886618
2015-12-16,0.1674450892001906,0.19982724542224498,0.527981038694102,0.10474662668346246
2015-12-23,0.16596071454945752,0.19921115724746413,0.5274533279586188,0.10737480024445956
2015-12-30,0.16147885691867622,0.20058365767165254,0.531788949147459,0.10614853626221221
2016-01-06,0.16390316417786102,0.1993261993482432,0.5287841075712288,0.10798652890266702
2016-01-13,0.16416275290196067,0.1992063158988369,0.5288009280951453,0.1078300031040571
2016-01-20,0.16313623121756318,0.19887115531656366,0.5284674005801911,0.10952521288568207
2016-01-27,0.16260396333152105,0.19934459136980417,0.5310262609754323,0.10702518432324248
2016-02-03,0.1634821655044103,0.19931036540559322,0.5299826480696487,0.1072248210203478
2016-02-10,0.16233448115883659,0.19917652402362712,0.5302184191613046,0.10827057565623166
2016-02-17,0.1632871119980506,0.1986611577350607,0.5307990095144491,0.10725272075243952
2016-02-24,0.1613627700775068,0.19900166725381035,0.5312533051504357,0.10838225751824726
2016-03-02,0.15989093246549624,0.19940685365824362,0.5338830838332191,0.106819130043041
2016-03-09,0.16012527469623672,0.1993499877960731,0.5336473960287428,0.10687734147894734
2016-03-16,0.15820837592112189,0.1998210065602291,0.535384871341139,0.10658574617751004
2016-03-23,0.15796231086087206,0.1999862362116971,0.5352977619373538,0.10675369099007716
2016-03-30,0.15532240430116268,0.19991751788363146,0.5369572213432889,0.1078028564719169
2016-04-06,0.15883779163985548,0.1992693012994625,0.5345640113062432,0.10732889575443882
2016-04-13,0.16016015738219821,0.1997035523225559,0.5332987200611732,0.1068375702340727
2016-04-20,0.16010112967744042,0.19942885262685905,0.534536006981126,0.10593401071457453
2016-04-27,0.15923348100221604,0.199834169712174,0.5344374724425792,0.10649487684303083
2016-05-04,0.1600254144438827,0.19991551161444088,0.5339918029980815,0.10606727094359492
2016-05-11,0.15891089521392435,0.20029343540101163,0.5352451179232891,0.10555055146177494
2016-05-18,0.15875197177551112,0.20048809532163914,0.5354515320330689,0.10530840086978077
2016-05-25,0.1584140142507329,0.20034455350811364,0.536789101033365,0.10445233120778852
2016-06-01,0.1580657527434035,0.20092772166857542,0.53680393002304,0.10420259556498102
2016-06-08,0.15756666635501873,0.20092485392444537,0.5366966064113173,0.1048118733092186
2016-06-15,0.1574565207058901,0.20089525689798693,0.5362440498213524,0.10540417257477053
2016-06-22,0.15556396887177723,0.20117125427581717,0.5372139830652533,0.10605079378715232
2016-06-29,0.15034743925271443,0.20164531572717379,0.539727078133461,0.10828016688665076
2016-07-06,0.1535839067553859,0.20125246770298338,0.53669184882832,0.10847177671331065
2016-07-13,0.15168482643738443,0.20228993447235766,0.538231076154558,0.1077941629357
2016-07-20,0.1520644925648004,0.2028462732531268,0.5382189496903662,0.10687028449170666
2016-07-27,0.15246612710059104,0.2029210827826856,0.537552811927872,0.10705997818885138
2016-08-03,0.1557447478524508,0.20209720476551318,0.5362840723513463,0.10587397503068974
2016-08-10,0.15291963152427562,0.20308404667378774,0.5376154268934407,0.106380894908496
2016-08-17,0.15330721248062743,0.20272028749892618,0.5371226657196965,0.1068498343007499
2016-08-24,0.1508606193308534,0.20365436166249673,0.539087237589808,0.10639778141684186
2016-08-31,0.14669404010250153,0.2043012607894898,0.5401724595521152,0.1088322395558935
2016-09-07,0.15112425745294505,0.20394842922837575,0.5390149756857597,0.10591233763291952
2016-09-14,0.15199354965786643,0.2041310379415359,0.5374469832561241,0.1064284291444737
2016-09-21,0.14585682313293333,0.2056592894465976,0.5415858634179346,0.10689802400253458
2016-09-28,0.14441642598657872,0.20619903482383717,0.5428640788832458,0.10652046030633822
2016-10-05,0.1408372693011319,0.20704373832596612,0.5455187841742407,0.10660020819866135
2016-10-12,0.14170297055268433,0.20633085595985684,0.5441540626501584,0.10781211083730047
2016-10-19,0.14235383596117132,0.20727172714685382,0.5450936132608343,0.10528082363114068
2016-10-26,0.1416803315945522,0.207703084077871,0.545747725661363,0.10486885866621387
2016-11-02,0.14227999332854166,0.20770014935989153,0.5455078161519598,0.10451204115960712
2016-11-09,0.14117833358852327,0.20752795328065066,0.5464065825775282,0.1048871305532979
2016-11-16,0.14165121112115325,0.2069112613247943,0.5463608808152481,0.10507664673880435
2016-11-23,0.13892331507096572,0.20664944687920395,0.5474266837921001,0.10700055425773025
2016-11-30,0.13763760542418949,0.20707332719011878,0.5486231688241081,0.1066658985615836
2016-12-07,0.14076611252007853,0.20570474291403315,0.5466834769946751,0.10684566757121317
2016-12-14,0.14178345985596633,0.20632110998028014,0.5449895258804529,0.10690590428330071
2016-12-21,0.1376477042188793,0.20725373042111672,0.5483699933228812,0.10672857203712283
2016-12-28,0.14023737002244968,0.20703253970832894,0.5471502448841365,0.1055798453850848
2017-01-04,0.14234882696271187,0.20667109033449946,0.5458739241971223,0.10510615850566629
2017-01-11,0.14108798419886082,0.2069413877673889,0.5485698803972562,0.1034007476364941
2017-01-18,0.14384242510156733,0.2065426302060669,0.5467704608804848,0.10284448381188105
2017-01-25,0.14343875695440456,0.20723901704956266,0.5472887052641642,0.10203352073186855
2017-02-01,0.14617082552007693,0.20642684476790535,0.5463327088024835,0.1010696209095342
2017-02-08,0.14624000084565555,0.20678937348920176,0.5459362993320945,0.1010343263330481
2017-02-15,0.14527995921592698,0.2074553842311709,0.5464009591622272,0.10086369739067491
2017-02-22,0.14501718894033547,0.20763119971563562,0.5456446678617961,0.10170694348223286
2017-03-01,0.14714764517984935,0.20706829709753033,0.5444107449154748,0.10137331280714557
2017-03-08,0.1474659106918996,0.20742230198281705,0.5437929154823661,0.10131887184291721
2017-03-15,0.1484406204513404,0.20719582489462252,0.5433434131430847,0.1010201415109524
2017-03-22,0.1486419066955365,0.20786980566224145,0.5441238725904238,0.09936441505179827
2017-03-29,0.14784500312248589,0.2075614287602135,0.5450325955042294,0.09956097261307129
2017-04-05,0.14756091395657794,0.2076811475185459,0.5440205541831559,0.1007373843417203
2017-04-12,0.14706341587092434,0.20770139463683782,0.5444530756853934,0.10078211380684454
2017-04-19,0.14627907627368802,0.20672036766701224,0.5441838527113501,0.10281670334794968
2017-04-26,0.14550789044921722,0.20630200784283378,0.5449475009660597,0.10324260074188929
2017-05-03,0.14501688155425727,0.20674469362788706,0.546103226310464,0.10213519850739161
2017-05-10,0.14346455109662953,0.20756489697000347,0.547133651979693,0.10183689995367406
2017-05-17,0.14498915957225705,0.20748526199536463,0.5450740935514848,0.1024514848808935
2017-05-24,0.14237722527528845,0.2075338817595749,0.5455077544383927,0.104581138526744
2017-05-31,0.1393087561617117,0.2083281864839644,0.5470555268459242,0.1053075305083998
2017-06-07,0.1433942737447037,0.2071158146428622,0.545988603625413,0.10350130798702106
2017-06-14,0.14084143824887008,0.2078837604111132,0.5473557908087306,0.10391901053128617
2017-06-21,0.14223687738201649,0.20700955417159386,0.5478377298032462,0.10291583864314346
2017-06-28,0.14169427208046614,0.2070069014880688,0.5482965990283931,0.10300222740307197
2017-07-05,0.1438322488463693,0.20660946441027694,0.5479791769300081,0.10157910981334572
2017-07-12,0.14419141307968233,0.20638410209741606,0.5469598017451214,0.10246468307778023
2017-07-19,0.145714987475459,0.20600104007785844,0.54605313204041,0.10223084040627262
2017-07-26,0.1466918998878425,0.205060293241994,0.5442729349471648,0.1039748719229987
2017-08-02,0.1457189570480257,0.2051744174833363,0.5444461451461969,0.10466048032244102
2017-08-09,0.14745051573828286,0.204784755149535,0.5448450894496286,0.10291963966255357
2017-08-16,0.14999157183402548,0.20424183550845784,0.5429467231919224,0.1028198694655943
2017-08-23,0.14684201647477546,0.20503797306641464,0.5441917452044039,0.1039282652544059
2017-08-30,0.14895476887049217,0.20405196598916256,0.5429974835000987,0.10399578164024659
2017-09-06,0.14739393127683634,0.20422374834064436,0.543868956683547,0.10451336369897235
2017-09-13,0.14838036717310862,0.20375243759317754,0.5428932647553864,0.10497393047832748
2017-09-20,0.14539754678796493,0.20484336890398633,0.545307127579661,0.1044519567283877
2017-09-27,0.14532587627982674,0.20490665996387855,0.5452944720876636,0.10447299166863111
2017-10-04,0.14728718357435666,0.2043680107780288,0.5447866735033319,0.10355813214428267
2017-10-11,0.14449452294906873,0.20506053936258323,0.5465755894832047,0.10386934820514337
2017-10-18,0.14625434447890218,0.20416470503734377,0.5451567110252648,0.10442423945848933
2017-10-25,0.14569172598905245,0.20395236678888173,0.5456638785134823,0.10469202870858352
2017-11-01,0.14624823249899502,0.2036394095773838,0.5450980819799627,0.10501427594365853
2017-11-08,0.1448548249487711,0.20347619281046966,0.545399148380148,0.10626983386061117
2017-11-15,0.1468769405093624,0.2035541786210036,0.5446529655072484,0.10491591536238565
2017-11-22,0.1462790400188867,0.20370435080813745,0.5450189904917498,0.10499761868122603
2017-11-29,0.1444109162954073,0.20544713946640203,0.5450855720259705,0.1050563722122202
2017-12-06,0.14593399488803704,0.20526818053365117,0.5435151093720085,0.10528271520630328
2017-12-13,0.14395284533639696,0.20519717990858033,0.5433481125799791,0.10750186217504365
2017-12-20,0.14402589281388212,0.20526461071631621,0.5445811752227248,0.10612832124707694
2017-12-27,0.14514761001528814,0.20550665104184052,0.5443323278670903,0.105013411075781
2018-01-03,0.14604184694764213,0.20513760145337964,0.5445002566467494,0.10432029495222883
2018-01-10,0.14289547631992103,0.20536742129646224,0.5468638207477223,0.1048732816358945
2018-01-17,0.14300728795093473,0.20467840356188016,0.5464472949636016,0.10586701352358352
2018-01-24,0.141265493955248,0.2048546626602475,0.5466969086376614,0.10718293474684315
2018-01-31,0.14087235865780023,0.2050658617067229,0.5483511415636841,0.10571063807179283
2018-02-07,0.14069403478258752,0.20431806215060347,0.5495014242471938,0.10548647881961515
2018-02-14,0.14048365537229512,0.2042969185510424,0.548198109826443,0.10702131625021949
2018-02-21,0.13950062183300493,0.20445495273444547,0.5503736995164604,0.10567072591608917
2018-02-28,0.13818518632864,0.20432159846290998,0.550686925686312,0.10680628952213811
2018-03-07,0.13800692136215048,0.20421720596679377,0.5515791252617329,0.10619674740932294
2018-03-14,0.13497136656409123,0.20477300198030465,0.5522032498618222,0.10805238159378196
2018-03-21,0.13276158123756168,0.20483126001810031,0.55394858513549,0.10845857360884814
2018-03-28,0.13335645619644196,0.20389907883540048,0.554989318377041,0.10775514659111651
2018-04-04,0.13160807308680195,0.20342939228335466,0.557449423863792,0.10751311076605141
2018-04-11,0.13044584437418352,0.20324111661552624,0.558618527550891,0.10769451145939923
2018-04-18,0.13245493856109436,0.20276776142945327,0.5572015218646413,0.10757577814481113
2018-04-25,0.13305909279034203,0.2021031784359324,0.5578721461937658,0.1069655825799598
2018-05-02,0.13116157882593885,0.2015177462529224,0.5569823881623216,0.11033828675881718
2018-05-09,0.13187650152401567,0.20157020740817994,0.5559021579023469,0.1106511331654576
2018-05-16,0.13008412330115732,0.2022463584348722,0.5562913952494495,0.11137812301452099
2018-05-23,0.13113313904383503,0.2028426064857845,0.5551589419275487,0.11086531254283183
2018-05-30,0.13011674789833352,0.20311829421384317,0.5555657554690656,0.11119920241875769
2018-06-06,0.12955240729676426,0.20322044206975806,0.5572561640032383,0.10997098663023941
2018-06-13,0.130754046079952,0.20396479105449514,0.5567912323084336,0.10848993055711932
2018-06-20,0.1281044750040372,0.2043992018797845,0.5594015670973371,0.10809475601884122
2018-06-27,0.1294827027004861,0.20440572387891245,0.5580420564998991,0.10806951692070232
2018-07-04,0.13013034971921777,0.2037526229375963,0.5568973390280373,0.10921968831514861
2018-07-11,0.12812376783181975,0.2048942740337737,0.5592598645406716,0.10772209359373497
2018-07-18,0.1282686607246143,0.20447248178696162,0.5585794572052972,0.10867940028312684
2018-07-25,0.12801791668633805,0.2047215009277796,0.5590905173652863,0.10817006502059612
2018-08-01,0.12824223614910246,0.20395836586715332,0.5602422397321771,0.10755715825156709
2018-08-08,0.12661703265907684,0.20493216807112882,0.5608350659284925,0.10761573334130181
2018-08-15,0.12390520277130761,0.20488646046651204,0.5602373102052566,0.11097102655692381
2018-08-22,0.12364939908937046,0.2048794605371198,0.5611430844942944,0.11032805587921535
2018-08-29,0.12417335760269937,0.20472437720066686,0.562355314711354,0.10874695048527983
2018-09-05,0.12405882980824734,0.2043751329098409,0.5629955027965013,0.10857053448541043
2018-09-12,0.12313235768960532,0.20491784272467564,0.5633934714624418,0.10855632812327731
2018-09-19,0.12212983576354462,0.20508748904086407,0.5636922153564623,0.10909045983912902
2018-09-26,0.12435555565937617,0.2042406007535413,0.5624811163874355,0.10892272719964702
2018-10-03,0.12356158312019168,0.20342810448182827,0.5618928406504236,0.11111747174755648
2018-10-10,0.12324058589414014,0.20358121268542556,0.5627248058660272,0.11045339555440714
2018-10-17,0.12188159873878325,0.2037658142243856,0.5635324965966496,0.1108200904401816
2018-10-24,0.12219614901505334,0.20406071431029293,0.5627564350979846,0.11098670157666925
2018-10-31,0.11901618790057877,0.20316280276443086,0.5639842696203827,0.11383673971460774
2018-11-07,0.12066780751615924,0.2035519055776473,0.5647961554641475,0.110984131442046
2018-11-14,0.11854393342376311,0.2041806580368543,0.5643767315821289,0.11289867695725375
2018-11-21,0.11646161149471823,0.2050391320877769,0.5662373952883355,0.11226186112916936
2018-11-28,0.11655658003170104,0.20490143261149688,0.5652623169264701,0.11327967043033205
2018-12-05,0.11300221385311868,0.20475331198834879,0.5647836838419344,0.11746079031659806
2018-12-12,0.11273998013991103,0.2060266510439406,0.565221212722388,0.11601215609376037
2018-12-19,0.11095403768806879,0.20743504979788663,0.5656170701128864,0.11599384240115818
2018-12-26,0.11399549044332308,0.20637060398751378,0.5636284658522756,0.11600543971688759
2019-01-02,0.1130464304608131,0.20678035559729022,0.5641216655294405,0.11605154841245613
2019-01-09,0.11146347075818398,0.20808532800257343,0.5666082087329649,0.11384299250627772
2019-01-16,0.10856526206607835,0.20920509431931503,0.5682118758485875,0.11401776776601924
2019-01-23,0.110213950625234,0.20861915466858577,0.5688231407433415,0.11234375396283869
2019-01-30,0.10922873379278983,0.20767688652396013,0.5669471455065572,0.11614723417669282
2019-02-06,0.10956281448600581,0.2077513150043369,0.5670339272034329,0.1156519433062243
2019-02-13,0.10629584057612348,0.2083255385423438,0.5669033471379239,0.1184752737436089
2019-02-20,0.10635389869188136,0.20849823824048175,0.5686112167959592,0.11653664627167783
2019-02-27,0.10809621881487443,0.2080616874492139,0.5672653887917585,0.11657670494415318
2019-03-06,0.1080485757809777,0.20810723775328124,0.5672998484738454,0.11654433799189567
2019-03-13,0.10588753805009861,0.20918624078047737,0.566892528976671,0.11803369219275306
2019-03-20,0.10306812758789312,0.20878314148817054,0.5678906745802664,0.12025805634366993
2019-03-27,0.10323105797431985,0.20843050555607168,0.5656942827638886,0.1226441537057199
2019-04-03,0.10290801506702196,0.20876960073739365,0.5660302579010826,0.1222921262945017
2019-04-10,0.10210740081565092,0.2101745326080441,0.566615706766722,0.12110235980958295
2019-04-17,0.09972351919811419,0.21146437822607392,0.5683602918514281,0.12045181072438382
2019-04-24,0.09967658629224072,0.21205828437138824,0.5679610723183539,0.12030405701801716
2019-05-01,0.09873561155228675,0.21119894596310418,0.5686498640996474,0.12141557838496175
2019-05-08,0.10017037261265271,0.2114485763276201,0.5673218746929236,0.12105917636680363
2019-05-15,0.10059968297551848,0.21087068251451727,0.5661585544497915,0.12237108006017283
2019-05-22,0.09813390209220221,0.2117768371547985,0.5696114821466437,0.12047777860635567
2019-05-29,0.09869422050852986,0.2114211401726354,0.5688374085941437,0.12104723072469104
2019-06-05,0.09830316919038445,0.21118752490568143,0.5665392901717127,0.12397001573222155
2019-06-12,0.09934711876301197,0.21088831119195353,0.5658648430643161,0.1238997269807185
2019-06-19,0.09679303830600805,0.21217063932353428,0.566881510234754,0.1241548121357038
2019-06-26,0.0985494533964592,0.21205227305079744,0.5669591623273069,0.12243911122543649
2019-07-03,0.09708517282386721,0.21220122367357722,0.5656248354888651,0.1250887680136905
2019-07-10,0.09688866585852374,0.2126080088771744,0.5666460476216615,0.12385727764264032
2019-07-17,0.09676939210485168,0.212014812702298,0.5658992070474532,0.12531658814539715
2019-07-24,0.09748033784389892,0.21279965124977043,0.5663819150713479,0.12333809583498279
2019-07-31,0.0968251338153048,0.21278967892689074,0.567200738873043,0.1231844483847615
2019-08-07,0.09748502486052336,0.21129639322843238,0.5634920401078406,0.12772654180320364
2019-08-14,0.09639420239640065,0.2126995605963751,0.564874205472186,0.12603203153503828
2019-08-21,0.09565998190067959,0.2139099141549961,0.5670335165735062,0.12339658737081816
2019-08-28,0.09625141544087881,0.21474308931183778,0.5653436845661836,0.12366181068109994
2019-09-04,0.09301496538358622,0.21547228822315762,0.5655087270347973,0.12600401935845895
2019-09-11,0.09102585695064769,0.21711814498732998,0.566402386213422,0.12545361184860038
2019-09-18,0.09108127677588969,0.21862964168407242,0.5682105695309313,0.12207851200910658
2019-09-25,0.09434836558211435,0.21768981995710557,0.5668853689148893,0.12107644554589081
2019-10-02,0.09736072199119118,0.21668267449232853,0.5641143222808821,0.12184228123559826
2019-10-09,0.09663694095873789,0.21634992843484932,0.5642525847414797,0.12276054586493312
2019-10-16,0.09498283274089128,0.2158647212111186,0.5654158264801888,0.12373661956780124
2019-10-23,0.09461526715160122,0.21658849969774915,0.5663701672684187,0.12242606588223093
2019-10-30,0.09625025301470705,0.21656075511116746,0.5676941884140712,0.11949480346005437
2019-11-06,0.09673501745427353,0.21608506117631468,0.5661818454613959,0.12099807590801592
2019-11-13,0.09708772245785344,0.21738940244927132,0.5654717223744351,0.12005115271844014
2019-11-20,0.09551014834803295,0.21762461810983122,0.5671581654717753,0.11970706807036047
2019-11-27,0.09704101285250677,0.21731878224525739,0.566788179486402,0.11885202541583384
2019-12-04,0.0978015154837368,0.21744966072041472,0.5655542764550731,0.11919454734077539
2019-12-11,0.099668835308956,0.21667175208049896,0.5649782614658871,0.11868115114465794
2019-12-18,0.10034115664669369,0.21522801547137846,0.5644845476458039,0.11994628023612397
2019-12-25,0.10008203426043473,0.21558878580295152,0.5649070954369666,0.1194220844996472
2020-01-01,0.09878028358989141,0.21579575953773933,0.5665521549864436,0.11887180188592561
2020-01-08,0.10004181036037765,0.21442614085526818,0.5647694875931671,0.120762561191187
2020-01-15,0.1011080152072854,0.21540250741428071,0.5636770111480105,0.11981246623042341
2020-01-22,0.10015718314551085,0.21590102577125786,0.5656987809515808,0.1182430101316505
2020-01-29,0.10025384922553705,0.21555835742074597,0.5638420084827728,0.12034578487094427
2020-02-05,0.09993178875381989,0.2157990497471636,0.5639674302080888,0.1203017312909277
2020-02-12,0.0999461365798859,0.2154865742765537,0.5644479587769375,0.12011933036662294
2020-02-19,0.099172095455161,0.21552363689937395,0.5624806838879289,0.1228235837575361
2020-02-26,0.09745089869635762,0.21705070399992676,0.562829628680512,0.12266876862320364
2020-03-04,0.09795451848691795,0.21787398866683408,0.5569862149505541,0.1271852778956939
2020-03-11,0.09819922097641612,0.21768959463677187,0.5556057668092177,0.12850541757759437
2020-03-18,0.10573546648003063,0.21316042865850351,0.556065148147028,0.12503895671443788
2020-03-25,0.12645107229674593,0.2085308489172197,0.5496929657744245,0.11532511301160986
2020-04-01,0.1368363785942839,0.2045591663740642,0.5465495331092928,0.11205492192235911
2020-04-08,0.13736527444404745,0.2037476281550149,0.5481618418259057,0.11072525557503199
2020-04-15,0.15326112694914362,0.1992839888774387,0.5390225735841676,0.10843231058925007
2020-04-22,0.1595359136793988,0.19797509265358276,0.5365600472592793,0.10592894640773909
2020-04-29,0.1624222992950647,0.1976455427761108,0.5334795378266529,0.1064526201021716
2020-05-06,0.15984188414568704,0.1977787052203089,0.5356505541104765,0.1067288565235276
2020-05-13,0.16165009363953123,0.19733884447465058,0.535911406616861,0.10509965526895726
2020-05-20,0.164423476158913,0.19859176175761187,0.534031952447194,0.10295280963628117
2020-05-27,0.16375192797919477,0.19957907497193406,0.5344523069005581,0.10221669014831303
2020-06-03,0.15955177623261105,0.20267536566008723,0.5340680992493486,0.10370475885795317
2020-06-10,0.15513209888717933,0.2044785472450197,0.5328265942952928,0.10756275957250816
2020-06-17,0.15358075438424584,0.2071949490922879,0.5310205026674067,0.1082037938560596
2020-06-24,0.15116624198429338,0.20909044079686168,0.5302668025928977,0.10947651462594733
2020-07-01,0.1475098188279716,0.21121253286507205,0.5284558097749203,0.11282183853203609
2020-07-08,0.14205974775524435,0.21255745085739974,0.5293726975769082,0.11601010381044774
2020-07-15,0.1379868170956587,0.2146242927923914,0.5295294042763217,0.11785948583562833
2020-07-22,0.13582848521409682,0.21643525037425412,0.5314897797164446,0.11624648469520438
2020-07-29,0.13865869243414342,0.2169852134366446,0.5297768580815355,0.1145792360476765
2020-08-05,0.1400251151777259,0.2179800832436972,0.5288053355943779,0.11318946598419899
2020-08-12,0.14250224303261505,0.21690926212030442,0.5282109452000849,0.11237754964699564
2020-08-19,0.14342482710163215,0.21815437303444746,0.5264638808982746,0.11195691896564586
2020-08-26,0.14564825664278447,0.21908008105688237,0.5257309157258278,0.10954074657450541
2020-09-02,0.1443665814569699,0.2214867037881047,0.5244855426108731,0.10966117214405224
2020-09-09,0.14390405171667764,0.22143176721029106,0.5235246429601488,0.11113953811288257
2020-09-16,0.1455787036880014,0.2205183390434068,0.5205064413686384,0.11339651589995337
2020-09-23,0.1471588064823672,0.2211621891282694,0.520090363053714,0.11158864133564939
2020-09-30,0.14446497990968782,0.22320935284236124,0.5224883533488995,0.10983731389905149
2020-10-07,0.1455431396803497,0.22331725906542707,0.5194331865127316,0.11170641474149157
2020-10-14,0.14773425796875542,0.22371842841309356,0.5170136574317594,0.11153365618639166
2020-10-21,0.15034459051262794,0.22410803625672643,0.5166770955552796,0.10887027767536595
2020-10-28,0.1498920800499601,0.2254654988052007,0.5152265263323715,0.10941589481246773
2020-11-04,0.15034615243386368,0.22758467956726908,0.513743431246539,0.10832573675232826
2020-11-11,0.14852640458829358,0.227741821605491,0.515359784024808,0.10837198978140739
2020-11-18,0.15027996729538542,0.2294115815957817,0.5128188422569203,0.10748960885191261
2020-11-25,0.15320341215556407,0.2290375720447869,0.5090865825480814,0.10867243325156761
2020-12-02,0.15093605422319809,0.23087737736171865,0.5096650352827955,0.10852153313228774
2020-12-09,0.14983202003440677,0.2304238232866741,0.508682372596334,0.11106178408258516
2020-12-16,0.15137925418886572,0.23039746139637776,0.5069081933318578,0.11131509108289883
2020-12-23,0.15496425989638427,0.22999454768055025,0.5056058780216568,0.10943531440140876
2020-12-30,0.15804212546979726,0.22981366341661774,0.5036576035142003,0.10848660759938478
2021-01-06,0.15366354811605418,0.2310982827754412,0.5039936917790078,0.11124447732949683
2021-01-13,0.1533117784165437,0.231641676511088,0.5040689434098785,0.11097760166248982
2021-01-20,0.15592634002767755,0.23230795092923553,0.5032507592536553,0.10851494978943166
2021-01-27,0.158799644450684,0.23345201919607544,0.5023171401512724,0.10543119620196817
2021-02-03,0.15777889623755328,0.23431181080167462,0.5024889129578712,0.10542038000290088
2021-02-10,0.1590498479840881,0.2335797513524825,0.5011751146355287,0.10619528602790085
2021-02-17,0.16431025742290875,0.23355134005760272,0.49973706199661105,0.10240134052287753
2021-02-24,0.16260844788775702,0.23483293488882503,0.5005352957271507,0.10202332149626725
2021-03-03,0.16661765861291442,0.236466844922125,0.4995789916843262,0.09733650478063438
2021-03-10,0.16682972717510655,0.23673658472061462,0.4985270467889932,0.09790664131528559
2021-03-17,0.17333659458669273,0.23718619917957953,0.49350257538540837,0.09597463084831942
2021-03-24,0.17255809338625416,0.23786036302391086,0.4929298518327199,0.09665169175711502
2021-03-31,0.1692788121555899,0.23867060444624882,0.4941176726852895,0.0979329107128718
2021-04-07,0.1751776226429014,0.23692700040338893,0.4892200095054498,0.09867536744825983
2021-04-14,0.17812884091214995,0.23824128670960132,0.48652908695163544,0.09710078542661327
2021-04-21,0.17901031668376086,0.23872104716544343,0.48478111736804647,0.09748751878274925
2021-04-28,0.18345764780119125,0.23820043682558048,0.4822051065776968,0.09613680879553155
2021-05-05,0.18352208571101641,0.23975988553180982,0.4817900176871146,0.0949280110700591
2021-05-12,0.182147890365568,0.24013306186860092,0.48234937597733535,0.0953696717884957
2021-05-19,0.1779219682887146,0.2420946547273099,0.4840526800722306,0.09593069691174488
2021-05-26,0.1770654548229151,0.24288561519984816,0.48356698076027277,0.09648194921696397
2021-06-02,0.1768371656979244,0.24404841575287725,0.48324536540803853,0.09586905314115979
2021-06-09,0.17675754317338752,0.2435387723363937,0.4820427776167288,0.09766090687349
2021-06-16,0.1785215362502641,0.24442433504925387,0.4808667439925015,0.0961873847079805
2021-06-23,0.17801556832581397,0.24449717259893766,0.4804063849592138,0.09708087411603455
2021-06-30,0.17011365630015315,0.24755067529945554,0.48600198232716973,0.09633368607322157
2021-07-07,0.17923746218767805,0.24553631410854404,0.48106275928971015,0.09416346441406781
2021-07-14,0.18126204524268413,0.24453346348415914,0.47860529720351636,0.0955991940696404
2021-07-21,0.18397186833763762,0.2430264270701668,0.4772682218750765,0.09573348271711907
2021-07-28,0.18403927642732798,0.24354087753412057,0.4776855994499368,0.09473424658861462
2021-08-04,0.18412155361491814,0.24352888557022875,0.47634554198062534,0.09600401883422777
2021-08-11,0.18491289754815143,0.243326942056205,0.47672254407589054,0.09503761631975305
2021-08-18,0.18751220688061143,0.24317479953517954,0.4739027652175212,0.09541022836668783
2021-08-25,0.18739401048510448,0.24342911285072186,0.4741496672214288,0.09502720944274479
2021-09-01,0.18810535096191186,0.24421302239814496,0.4728868679173045,0.09479475872263865
2021-09-08,0.1862810260416218,0.24426370175457815,0.4734992544221638,0.09595601778163632
2021-09-15,0.1887546314988718,0.24417351021852846,0.4716196291076087,0.09545222917499108
2021-09-22,0.18870316436012902,0.24492796256693336,0.4710642477064991,0.09530462536643852
2021-09-29,0.18844141408694454,0.24662146239214505,0.4715300401741214,0.09340708334678899
2021-10-06,0.1873207656644125,0.24720908705938674,0.4699405633464161,0.09552958392978472
2021-10-13,0.18672683195273998,0.24774427661140158,0.47030983989283903,0.09521905154301946
2021-10-20,0.18421718510486365,0.24898875074189947,0.46997684793827527,0.0968172162149617
2021-10-27,0.18435965608218904,0.24914547673178747,0.47021389802430463,0.09628096916171885
2021-11-03,0.18492768288325576,0.24994555540708707,0.47002587870686063,0.09510088300279651
2021-11-10,0.18317091320940415,0.24989329518006975,0.47010354585409847,0.09683224575642763
2021-11-17,0.1820155520587571,0.25019168543172393,0.4704712961549659,0.09732146635455302
2021-11-24,0.18101533510308224,0.250908975418487,0.4709148104810762,0.0971608789973546
2021-12-01,0.18435090937853063,0.2500272899272589,0.4699086723034641,0.0957131283907463
2021-12-08,0.18080340995804667,0.25008940691476766,0.4719938678176156,0.09711331530957014
2021-12-15,0.1800674712054469,0.2520472089842197,0.47415002412733,0.09373529568300354
2021-12-22,0.17890363073150997,0.25256289303085133,0.47456966240751036,0.09396381383012836
2021-12-29,0.17871118825390972,0.2526260294882896,0.47570448746295935,0.0929582947948413
2022-01-05,0.17642357028013433,0.25444900369449736,0.4741918122477291,0.09493561377763915
2022-01-12,0.16937928019939202,0.2563281090606455,0.47839754634288006,0.09589506439708234
2022-01-19,0.16827301521285423,0.25624006831551416,0.4778846254687398,0.09760229100289186
2022-01-26,0.16986671814200652,0.256103932061192,0.4776895559648156,0.09633979383198593
2022-02-02,0.16771904664681916,0.2572995501186719,0.4786844445235521,0.09629695871095689
2022-02-09,0.16604149504304164,0.25768722624131446,0.47966438404613015,0.09660689466951372
2022-02-16,0.16581586484744362,0.2581923316647747,0.48059733648501507,0.09539446700276671
2022-02-23,0.16374079385453555,0.25930423965879,0.4820984090834159,0.09485655740325862
2022-03-02,0.16614508517694648,0.2576230902750595,0.480720170757455,0.09551165379053905
2022-03-09,0.1645443401899058,0.25736157942781335,0.4815177736802916,0.09657630670198925
2022-03-16,0.16049152516088303,0.2581840040056215,0.4842214161631471,0.09710305467034835
2022-03-23,0.15742335609372202,0.25930833829461036,0.4858191419945776,0.09744916361709005
2022-03-30,0.1601256541432713,0.25838101011205283,0.48588013510995004,0.09561320063472584
2022-04-06,0.1599161690164465,0.25708376303057767,0.4854961309301908,0.09750393702278498
2022-04-13,0.1591956094950263,0.25689104038056887,0.4855891938311292,0.09832415629327562
2022-04-20,0.15041366911736612,0.25820198106208125,0.4918476115365824,0.09953673828397025
2022-04-27,0.15072631785656454,0.257617435563015,0.49124163478544147,0.10041461179497901
2022-05-04,0.15186704862055966,0.2563872639257886,0.49214387852538066,0.09960180892827115
2022-05-11,0.14733470617059283,0.25684800493260934,0.4943606063688659,0.10145668252793194
2022-05-18,0.1462251107932483,0.25667327036438076,0.4952844318555642,0.1018171869868068
2022-05-25,0.14641828238143142,0.25646099928977245,0.4961746758294346,0.10094604249936151
2022-06-01,0.1473233475298601,0.2555614690305965,0.49727900307757045,0.09983618036197295
2022-06-08,0.14244228019888175,0.2564505428304842,0.500965414724428,0.10014176224620608
2022-06-15,0.14139054423885122,0.25547787484364276,0.5030092782998077,0.10012230261769828
2022-06-22,0.14162098877624985,0.25477303833323134,0.5034773207303824,0.10012865216013633
2022-06-29,0.14429630947787092,0.25448327822546796,0.5032836063330189,0.09793680596364218
2022-07-06,0.145874809538282,0.25307378473877995,0.5009768538057029,0.10007455191723513
2022-07-13,0.14696542803220278,0.2525631577771519,0.5013929482786564,0.09907846591198888
2022-07-20,0.14554634073906098,0.2520748966980661,0.5032298508970587,0.09914891166581419
2022-07-27,0.14741982378348464,0.2522347547398124,0.5031267850028983,0.09721863647380469
2022-08-03,0.14925299784747362,0.2513180091019398,0.502271259274768,0.0971577337758186
2022-08-10,0.14818818070219963,0.2507114686250629,0.5032476934487916,0.097852657223946
2022-08-17,0.1481671112192079,0.25034070625521443,0.5045675037736532,0.09692467875192458
2022-08-24,0.14585066081916842,0.2493016918272483,0.5048207785229327,0.1000268688306506
2022-08-31,0.14522596210947675,0.2485887269938068,0.5073907565303772,0.09879455436633933
2022-09-07,0.1453068222992281,0.24888435612328808,0.5084183752518738,0.09739044632561
2022-09-14,0.14268392974837515,0.24852336929478858,0.5103116925507264,0.09848100840610985
2022-09-21,0.1401148353827933,0.2481450944991469,0.5128264998984733,0.09891357021958658
2022-09-28,0.14110667580369554,0.24681272611586808,0.5123813989647598,0.0996991991156767
2022-10-05,0.14038079693133756,0.245919835805183,0.5152804685843391,0.09841889867914033
2022-10-12,0.1391540132295974,0.24526489441156196,0.5171835401150752,0.09839755224376545
2022-10-19,0.13938321678216026,0.24476789029074572,0.5175675043929918,0.0982813885341023
2022-10-26,0.14047594943062602,0.2437684191500422,0.5172905062953208,0.09846512512401095
2022-11-02,0.13749805371866952,0.2434514061158544,0.5198004045084427,0.09925013565703344
2022-11-09,0.13783433116527183,0.24288257139749858,0.5201056176265305,0.09917747981069902
2022-11-16,0.14026769461542565,0.24202484945610556,0.5185933522999692,0.09911410362849972
2022-11-23,0.1393740945393295,0.2409092464299465,0.5180063474443988,0.10171031158632526
2022-11-30,0.13701570192039247,0.24232483969881116,0.5208907957352665,0.09976866264552986
2022-12-07,0.13744980196384393,0.24213115280889927,0.5228714752448977,0.09754756998235903
2022-12-14,0.13739426976660016,0.24116221781387248,0.5228186721633782,0.09862484025614915
2022-12-21,0.1363215477042495,0.24051486590328652,0.5235972136644316,0.09956637272803237
2022-12-28,0.13616390396749178,0.240669338666272,0.5235735453613615,0.09959321200487481
2023-01-04,0.139337705474909,0.239373817921967,0.5225122466004846,0.09877623000263946
2023-01-11,0.13742088974362662,0.2404725427761376,0.5240585843556131,0.0980479831246226
2023-01-18,0.13999457857846764,0.23909027616745226,0.5222745032035668,0.09864064205051326
2023-01-25,0.1354304543989446,0.23970998765289278,0.5252975902994684,0.09956196764869418
2023-02-01,0.13820482036878812,0.23893809789190013,0.5235126834023714,0.09934439833694031
2023-02-08,0.1362191538897781,0.2395194198920725,0.5254559690372969,0.09880545718085254
2023-02-15,0.13750211154190806,0.2386725936364472,0.5252437366220634,0.09858155819958149
2023-02-22,0.1344089182327304,0.23878944194472176,0.5263486901185294,0.10045294970401852
2023-03-01,0.13323673014220092,0.2382489858712997,0.5286627691760771,0.0998515148104222
2023-03-08,0.13103896805582851,0.23826214216253866,0.5297627035790026,0.10093618620263023
2023-03-15,0.1431498920019604,0.23389868117093277,0.5244478039501282,0.09850362287697856
2023-03-22,0.14292680114934683,0.23229205865829425,0.5250381173464908,0.09974302284586811
2023-03-29,0.14689978218288827,0.22693921363258138,0.5249660931879132,0.10119491099661715
2023-04-05,0.14488342376653887,0.22917278381754855,0.5268894749737284,0.09905431744218418
2023-04-12,0.14357972093474478,0.22906982920998534,0.5286281060481124,0.0987223438071575
2023-04-19,0.144355243689137,0.22865931593584415,0.5274137300012942,0.09957171037372459
2023-04-26,0.1445024734356458,0.22878533283914845,0.5279699975939532,0.09874219613125246
2023-05-03,0.144911040268807,0.22816962545249198,0.5273071410379311,0.09961219324076998
2023-05-10,0.14434201599508822,0.2277817789465904,0.5279509737737993,0.09992523128452202
2023-05-17,0.14565029888564124,0.22635803477471822,0.5278509268873841,0.10014073945225643
2023-05-24,0.14474114321744747,0.2260723068327629,0.5278833485001545,0.10130320144963512
2023-05-31,0.14319205460450976,0.2259295084167856,0.5282068477346017,0.10267158924410304
2023-06-07,0.14382293565201382,0.22625610089586345,0.5292740239100789,0.10064693954204385
2023-06-14,0.144122315813823,0.22613915714270305,0.5290892594243248,0.10064926761914916
2023-06-21,0.14378945901133028,0.2259567211426045,0.5297183008066628,0.10053551903940239
2023-06-28,0.1459659942420543,0.2258889390209814,0.5285446599153247,0.09960040682163951
2023-07-05,0.1450942315539924,0.22494367236844143,0.5284074530533756,0.1015546430241907
2023-07-12,0.14175057844781566,0.22598805673263855,0.5310172703024839,0.10124409451706197
2023-07-19,0.144758622124181,0.22518019682178958,0.5295614728154431,0.10049970823858634
2023-07-26,0.14255677088731866,0.22527519616715735,0.5314990934811675,0.1006689394643564
2023-08-02,0.144228515466109,0.2237849962924012,0.5317583619527704,0.10022812628871947
2023-08-09,0.14257194502308107,0.22386283900475218,0.533065369565204,0.10049984640696275
2023-08-16,0.14360981619152602,0.22281356360836285,0.5327736466421799,0.10080297355793133
2023-08-23,0.14182744658243654,0.2235078551115724,0.533937906137665,0.10072679216832614
2023-08-30,0.14614670952376288,0.2219904411137061,0.5330307553773108,0.09883209398522019
2023-09-06,0.1456614439921936,0.2211548808210587,0.5326455194119518,0.10053815577479598
2023-09-13,0.14666013031394712,0.22139053305729384,0.5328526921908446,0.09909664443791444
2023-09-20,0.14510639835282585,0.22200299370596455,0.5335132392935256,0.0993773686476841
2023-09-27,0.1467864714714495,0.22054765288954636,0.5321102399686448,0.1005556356703593
2023-10-04,0.14757025030807716,0.21857489838353492,0.5323332480931708,0.10152160321521708
2023-10-11,0.14807105018142022,0.21868481773359427,0.532832651431229,0.10041148065375649
2023-10-18,0.14741178043983813,0.21831845191701857,0.5335969272573298,0.10067284038581348
2023-10-25,0.14741409561183866,0.21819279827729185,0.5345915585103783,0.0998015476004912
2023-11-01,0.14853719011906863,0.21796874864852372,0.5323794524892377,0.10111460874316991
2023-11-08,0.14977303895005376,0.21868278981168918,0.5331128119769445,0.09843135926131252
2023-11-15,0.15241208969386943,0.21746132077106936,0.531742707347664,0.09838388218739713
2023-11-22,0.1503434103497803,0.21757290781340435,0.5331475461127729,0.09893613572404247
2023-11-29,0.1504970657382268,0.21714751944868887,0.5320908377613669,0.10026457705171743
2023-12-06,0.15080065886274804,0.2180359964682103,0.5315164435456677,0.09964690112337393
2023-12-13,0.1513086269048154,0.2187227958549602,0.530480927699451,0.0994876495407735
2023-12-20,0.15024830572926554,0.21977479469128178,0.5294771072732671,0.10049979230618555
2023-12-27,0.15204458912073684,0.21919232230640795,0.5260153913417516,0.10274769723110366
2024-01-03,0.15455294708867442,0.21962028347204837,0.5263279715231339,0.09949879791614324
2024-01-10,0.15173361170937652,0.22103350672071417,0.5296518448597018,0.09758103671020746
2024-01-17,0.15474545354683752,0.2198311694265681,0.5274251928200471,0.09799818420654739
2024-01-24,0.15309596939871442,0.2206138037587145,0.5274581121364373,0.09883211470613373
2024-01-31,0.15377925768355724,0.2197743404454664,0.5289839343349398,0.09746246753603649
2024-02-07,0.15527842625512644,0.2187873349644119,0.5275691210532237,0.09836511772723801
2024-02-14,0.15389121104454606,0.21955517047574027,0.5280772086836579,0.09847640979605576
2024-02-21,0.1536472071937224,0.21966032111274442,0.5287120594586363,0.09798041223489684
2024-02-28,0.1528733773125709,0.220110356921638,0.5294949899882917,0.09752127577749947
2024-03-06,0.1531336539832386,0.22188423560651202,0.5287180876054486,0.09626402280480086
2024-03-13,0.14812449917242826,0.2249315729512165,0.5299477212353269,0.09699620664102848
2024-03-20,0.14600064800197884,0.22512287241823406,0.5308456898943648,0.09803078968542234
2024-03-27,0.14612168248517524,0.22517786785199126,0.5305223587751086,0.098178090887725
2024-04-03,0.1459229824404464,0.22430019455164857,0.5309155476605889,0.09886127534731615
2024-04-10,0.14835985732883122,0.2226057609537341,0.5303429354181944,0.09869144629924032
2024-04-17,0.14589323754901679,0.22278452886996572,0.5319614529043899,0.09936078067662768
2024-04-24,0.14746694649576503,0.22207159700775303,0.5320503428021479,0.09841111369433408
2024-05-01,0.14754004368086468,0.2210240044876105,0.5318847407993013,0.09955121103222353
2024-05-08,0.14706198755951572,0.2216583636870686,0.5322008149223686,0.0990788338310471
2024-05-15,0.1483803231725981,0.22224663066454234,0.5305942156536722,0.09877883050918745
2024-05-22,0.14755263555889822,0.22190689798441998,0.530862160557504,0.09967830589917781
2024-05-29,0.14750978538168164,0.22163795992386537,0.530914149116238,0.09993810557821503
2024-06-05,0.14827859660147757,0.2230821094791971,0.5310719737579115,0.09756732016141378
2024-06-12,0.14693845339673503,0.22330246730007094,0.5318800069641422,0.0978790723390518
2024-06-19,0.1474003249203124,0.22441397169923535,0.5314574623680727,0.09672824101237953
2024-06-26,0.14504773621047992,0.22443189724371662,0.5313675725981757,0.09915279394762777
2024-07-03,0.14691103105350375,0.22404110121317655,0.5299310491863919,0.09911681854692778
2024-07-10,0.14486479779110198,0.22487961927227285,0.5312352150761264,0.09902036786049884
2024-07-17,0.14472920050575672,0.22507303379762214,0.5311125752351904,0.09908519046143072
2024-07-24,0.14361640031814182,0.2253898733474918,0.5319071747306819,0.0990865516036844
2024-07-31,0.14067973472496684,0.22550809111088854,0.5320707732857628,0.1017414008783818
2024-08-07,0.14457035102574747,0.2258518659170489,0.5314434164163194,0.09813436664088426
2024-08-14,0.14316153172019885,0.22697724067187994,0.5311490626685831,0.0987121649393381
2024-08-21,0.14396739803747513,0.22675919435270042,0.5311091908073748,0.0981642168024497
2024-08-28,0.14153128549566238,0.22656887658262057,0.5317981146735168,0.10010172324820021
2024-09-04,0.13989969943015834,0.2276592353883048,0.5329532512026717,0.09948781397886519
2024-09-11,0.1412681205715092,0.2280901497386546,0.532125795198043,0.09851593449179319
2024-09-18,0.14091079647417024,0.22763949013595794,0.5318437104172125,0.09960600297265931
2024-09-25,0.13913809706189922,0.2285634338853357,0.5320560311214078,0.10024243793135734
2024-10-02,0.1375964074885851,0.22964945227237288,0.5331248879354467,0.09962925230359532
2024-10-09,0.1379088257668595,0.23021676030386012,0.5332727819766964,0.09860163195258409
2024-10-16,0.14002515328152335,0.22899649081093568,0.5318094704291765,0.09916888547836455
2024-10-23,0.14044572505052297,0.22858780953898988,0.5308594634155699,0.10010700199491729
2024-10-30,0.13989628429860176,0.22831684550774212,0.5316017880325753,0.1001850821610808
2024-11-06,0.13942375232984952,0.22833175798357935,0.5319995259371305,0.10024496374944059
2024-11-13,0.1357793642495924,0.22860945362095367,0.5329145583964486,0.10269662373300537
2024-11-20,0.13799962958935935,0.22879060219374361,0.5341128738567751,0.09909689436012203
2024-11-27,0.1372353871465769,0.22871877574126148,0.533580208805771,0.10046562830639061
2024-12-04,0.13557994883900368,0.22864829951179047,0.5345476255990944,0.10122412605011144
2024-12-11,0.13479739685373252,0.22794398429029128,0.5342618709160782,0.10299674793989799
2024-12-18,0.1355187682997816,0.2274448206388106,0.5339938011428846,0.1030426099185231
2024-12-25,0.13624288959226302,0.22716059009238432,0.5337980665460094,0.10279845376934327
2025-01-01,0.1302411528250397,0.22900253833841716,0.5377526832463874,0.10300362559015575
2025-01-08,0.14011239611788007,0.22616594427698988,0.5310555241800137,0.10266613542511638
2025-01-15,0.14019616710687208,0.22609078065589092,0.5316993257737926,0.10201372646344431
2025-01-22,0.1414420154949416,0.22589146579265806,0.531655563846921,0.10101095486547929
2025-01-29,0.13920874460742447,0.22588900165399037,0.5324591265247964,0.10244312721378868
2025-02-05,0.13827565938478065,0.22671845236007762,0.533090407797495,0.10191548045764676
2025-02-12,0.1371062296592414,0.22691341366349263,0.5340472529913659,0.10193310368590014
2025-02-19,0.13808000471060217,0.22632894154160801,0.5332615269113427,0.10232952683644725
2025-02-26,0.13994682212066947,0.2264407027244325,0.5317219457236233,0.10189052943127475
2025-03-05,0.1384329141014056,0.2266877144903157,0.5320034243106299,0.10287594709764891
2025-03-12,0.13858003945371633,0.22661141205345278,0.5328513602445678,0.10195718824826305
2025-03-19,0.13770750662577422,0.227321014100219,0.5324224834557842,0.10254899581822252
2025-03-26,0.13867178423722815,0.22709200737172397,0.5315497591160271,0.1026864492750208
2025-04-02,0.13671306053072288,0.2273143297284519,0.5309637872407702,0.10500882250005505
2025-04-09,0.1363098700338583,0.22741287449885722,0.5304780384609933,0.10579921700629114
2025-04-16,0.13579190265326946,0.22809039878742024,0.5308152744441472,0.1053024241151631
2025-04-23,0.1375252892838039,0.2275349079505918,0.5301952148668816,0.10474458789872265
2025-04-30,0.13221174224482948,0.22952152423314146,0.5333279780586271,0.10493875546340203
2025-05-07,0.13636732376925492,0.2290811321444767,0.5318164790185349,0.10273506506773356
2025-05-14,0.13572986649138194,0.22845367747162948,0.5313636648049024,0.1044527912320863
2025-05-21,0.1370215448420179,0.22798272610057704,0.5317102455689025,0.10328548348850264
2025-05-28,0.13712104732595048,0.22846525216837021,0.5315219574840511,0.10289174302162818
2025-06-04,0.13716000066089035,0.2281810880979176,0.5307187409014441,0.1039401703397479
2025-06-11,0.13874423317788853,0.22821400780713205,0.5294696803122274,0.10357207870275198
2025-06-18,0.13816480051132346,0.22831802871334023,0.5301984386044926,0.10331873217084386
2025-06-25,0.14049851514966538,0.22688340597710469,0.5277272315032226,0.10489084737000731
2025-07-02,0.13750382267299252,0.22804095837964897,0.530393446943658,0.10406177200370048
2025-07-09,0.13829060455809342,0.2280432943837523,0.5298968293257373,0.10376927173241701
2025-07-16,0.1398950109239974,0.22766355666040405,0.5292187567020751,0.1032226757135235
2025-07-23,0.1395076503575666,0.22772705456934741,0.5285734984025608,0.10419179667052514
2025-07-30,0.13889203698099983,0.22798019047584306,0.529337735965541,0.1037900365776161
2025-08-06,0.13600334178204682,0.22904883393556047,0.5310466866650292,0.10390113761736353
2025-08-13,0.13518893909328633,0.22929088442416962,0.5310861037613993,0.10443407272114469
2025-08-20,0.13475155654700083,0.22926162830250157,0.5322331058629538,0.1037537092875439
2025-08-27,0.13316940969196062,0.230446178241974,0.5318925283864295,0.1044918836796358
2025-09-03,0.1306762515978239,0.22999234180376374,0.5338551415420036,0.10547626505640872
2025-09-10,0.12627638228525342,0.23116546675288396,0.5347228569757768,0.10783529398608582
2025-09-17,0.12701124518812934,0.2312301106837487,0.5357964768832122,0.10596216724490981
2025-09-24,0.12849130559707553,0.23103897221577607,0.53456922129385,0.10590050089329851
2025-10-01,0.12672630258432332,0.2305895933206134,0.5355683204168791,0.1071157836781842
